name,ra,dec,time,obsid,exposure,processing_status,processing_date,public_date,obs_type,_Search_Offset
GX_339-4,"255,7043","-48,78963","58025,5876967593",1133010101,4371,VALIDATED,"58184,9752662037",58181,NOR,0.059 (GX 339-4)
GX_339-4,"255,7023","-48,78792","58026,8581944444",1133010102,3044,VALIDATED,"58184,9790509259",58181,NOR,0.176 (GX 339-4)
GX_339-4,"255,7024","-48,78843","58027,8889699074",1133010103,3128,VALIDATED,"58184,9816898148",58181,NOR,0.155 (GX 339-4)
GX_339-4,"255,7013","-48,78893","58029,4304282407",1133010104,4169,VALIDATED,"58184,9841203704",58181,NOR,0.184 (GX 339-4)
GX_339-4,"255,7031","-48,78977","58030,395474537",1133010105,2142,VALIDATED,"58184,9887615741",58181,NOR,0.106 (GX 339-4)
GX_339-4,"255,7031","-48,79032","58031,2948032407",1133010106,2597,VALIDATED,"58184,992650463",58181,NOR,0.111 (GX 339-4)
GX_339-4,"255,7028","-48,78932","58032,3228819444",1133010107,2701,VALIDATED,"58184,9969212963",58181,NOR,0.121 (GX 339-4)
GX_339-4,"255,7051","-48,78971","58033,1596412037",1133010108,2284,VALIDATED,"58185,0010648148",58181,NOR,0.027 (GX 339-4)
GX_339-4,"255,7052","-48,78971","58034,1302777778",1133010109,1271,VALIDATED,"58185,0049305556",58181,NOR,0.023 (GX 339-4)
GX_339-4,"255,7054","-48,78985","58035,0965509259",1133010110,122,VALIDATED,"58185,0082175926",58181,NOR,0.016 (GX 339-4)
GX_339-4,"255,7039","-48,78777","58036,067337963",1133010111,0,VALIDATED,"58185,0128125",58181,NOR,0.140 (GX 339-4)
GX_339-4,"255,7054","-48,79137","58046,0032407407",1133010112,1991,VALIDATED,"58185,0147337963",58181,NOR,0.099 (GX 339-4)
GX_339-4,"255,705","-48,79085","58047,2276967593",1133010113,2741,VALIDATED,"58185,0175810185",58181,NOR,0.073 (GX 339-4)
GX_339-4,"255,7063","-48,7896","58048,0020138889",1133010114,2996,VALIDATED,"58185,0210300926",58181,NOR,0.022 (GX 339-4)
GX_339-4,"255,7057","-48,79047","58049,0375694444",1133010115,400,VALIDATED,"58185,0246643519",58181,NOR,0.044 (GX 339-4)
GX_339-4,"255,7094","-48,78934","58058,4078356481",1133010116,"3249,44701",VALIDATED,"58185,0268171296",58181,NOR,0.145 (GX 339-4)
GX_339-4,"255,7095","-48,78942","58059,8872337963",1133010117,"1292,48526",VALIDATED,"58185,0366087963",58181,NOR,0.148 (GX 339-4)
GX_339-4,"255,709","-48,78938","58060,0159259259",1133010118,"5318,94965",VALIDATED,"58185,0413194444",58181,NOR,0.129 (GX 339-4)
GX_339-4,"255,7059","-48,78929","58136,5335648148",1133010119,"1189,48195",VALIDATED,"58185,063125",58181,NOR,0.028 (GX 339-4)
GX_339-4,"255,7059","-48,78952","58137,1770833333",1133010120,"972,99616",VALIDATED,"58185,0685300926",58181,NOR,0.014 (GX 339-4)
GX_339-4,"255,7057","-48,78968","58138,2708449074",1133010121,"1988,67047",VALIDATED,"58185,0736226852",58181,NOR,0.005 (GX 339-4)
GX_339-4,"255,7061","-48,78967","58139,1139699074",1133010122,"1855,44331",VALIDATED,"58185,0800115741",58181,NOR,0.013 (GX 339-4)
GX_339-4,"255,7062","-48,78969","58140,079525463",1133010123,"3462,59271",VALIDATED,"58185,0872337963",58181,NOR,0.017 (GX 339-4)
GX_339-4,"255,7057","-48,7897","58141,1023032407",1133010124,"2406,74197",VALIDATED,"58185,097349537",58181,NOR,0.004 (GX 339-4)
GX_339-4,"255,7057","-48,79026","58142,1989583333",1133010125,"2164,13834",VALIDATED,"58185,1037037037",58181,NOR,0.031 (GX 339-4)
GX_339-4,"255,7059","-48,78919","58148,5861111111",1133010126,0,VALIDATED,"58185,1086805556",58181,NOR,0.034 (GX 339-4)
GX_339-4,"255,7057","-48,78976","58149,9154398148",1133010127,1460,VALIDATED,"58185,1099421296",58181,NOR,0.003 (GX 339-4)
GX_339-4,"255,7064","-48,7897","58150,1726273148",1133010128,486,VALIDATED,"58185,1121527778",58181,NOR,0.025 (GX 339-4)
GX_339-4,"255,7059","-48,78975","58151,269212963",1133010129,2108,VALIDATED,"58185,1144212963",58181,NOR,0.005 (GX 339-4)
GX_339-4,"255,7031","-48,78856","58166,2543981482",1133010130,41,VALIDATED,"58185,1181597222",58181,NOR,0.128 (GX 339-4)
GX_339-4,"255,7045","-48,78804","58167,4178240741",1133010131,"818,48641",VALIDATED,"58185,1192939815",58181,NOR,0.114 (GX 339-4)
GX_339-4,"255,7044","-48,78773","58168,0606481481",1133010132,"869,11751",VALIDATED,"58185,1219791667",58182,NOR,0.133 (GX 339-4)
GX_339-4,"255,7049","-48,78931","58169,093287037",1133010133,1150,VALIDATED,"58185,1236458333",58183,NOR,0.044 (GX 339-4)
GX_339-4,"255,7099","-48,78572","58170,0002314815",1133010134,2858,VALIDATED,"58185,1255787037",58184,NOR,0.291 (GX 339-4)
GX_339-4,"255,7047","-48,78951","58171,5492592593",1133010135,483,VALIDATED,"58185,1292013889",58185,NOR,0.045 (GX 339-4)
GX_339-4,"255,705","-48,7897","58173,0243055556",1133010136,1830,VALIDATED,"58177,8503703704",58187,NOR,0.031 (GX 339-4)
GX_339-4,"255,7049","-48,78975","58174,1909722222",1133010137,1460,VALIDATED,"58178,869212963",58188,NOR,0.035 (GX 339-4)
GX_339-4,"255,7015","-48,78773","58175,3298611111",1133010138,1577,VALIDATED,"58192,6169097222",58189,NOR,0.208 (GX 339-4)
GX_339-4,"255,7056","-48,78997","58505,869212963",1133010139,"1215,89175",VALIDATED,"58517,1650231481",58519,NOR,0.015 (GX 339-4)
GX_339-4,"255,7058","-48,78986","58506,0001736111",1133010140,"8372,25137",VALIDATED,"58517,1839467593",58520,NOR,0.007 (GX 339-4)
GX_339-4,"255,7057","-48,78975","58507,0946990741",1133010141,"4685,76345",VALIDATED,"58519,594849537",58521,NOR,0.003 (GX 339-4)
GX_339-4,"255,7055","-48,78991","58508,0590277778",1133010142,2161,VALIDATED,"58519,6694212963",58522,NOR,0.015 (GX 339-4)
GX_339-4,"255,7058","-48,78957","58509,1374884259",1133010143,"1456,76063",VALIDATED,"58519,7514351852",58523,NOR,0.011 (GX 339-4)
GX_339-4,"255,7058","-48,78979","58510,8122916667",1133010144,1760,VALIDATED,"58519,8915972222",58524,NOR,0.003 (GX 339-4)
GX_339-4,"255,7052","-48,78991","58512,8079398148",1133010145,2088,VALIDATED,"58520,0803587963",58526,NOR,0.025 (GX 339-4)
GX_339-4,"255,7058","-48,7892","58514,7407638889",1133010146,1747,VALIDATED,"58521,2316782407",58528,NOR,0.033 (GX 339-4)
GX_339-4,"255,7068","-48,78997","58516,3520833333",1133010147,278,VALIDATED,"58521,4197800926",58530,NOR,0.042 (GX 339-4)
GX_339-4,"255,7009","-48,78965","58718,4666666667",2133010101,784,VALIDATED,"58722,6427314815",58732,NOR,0.193 (GX 339-4)
GX_339-4,"255,7064","-48,79014","58876,6921296296",2133010102,0,VALIDATED,"58880,6617939815",58890,NOR,0.034 (GX 339-4)
GX_339-4,"255,7059","-48,79018","58877,3381944444",2133010103,0,VALIDATED,"58881,6463078704",58891,NOR,0.026 (GX 339-4)
GX_339-4,"255,7059","-48,78982","58878,3671296296",2133010104,156,VALIDATED,"58882,6457291667",58892,NOR,0.006 (GX 339-4)
GX_339-4,"255,7052","-48,78948","58885,6077314815",2133010105,0,VALIDATED,"58889,6701041667",58899,NOR,0.028 (GX 339-4)
GX_339-4,"255,7051","-48,78936","58885,994849537",2133010106,0,VALIDATED,"58897,9794560185",58900,NOR,0.036 (GX 339-4)
GX_339-4,"255,7039","-48,78901","58888,4474537037",2133010107,0,VALIDATED,"58898,2302199074",58902,NOR,0.087 (GX 339-4)
GX_339-4,"255,705","-48,78948","58889,0923611111",2133010108,0,VALIDATED,"58899,8057175926",58903,NOR,0.035 (GX 339-4)
GX_339-4,"255,7039","-48,78917","58892,8209837963",2133010109,597,VALIDATED,"58900,1632175926",58906,NOR,0.082 (GX 339-4)
GX_339-4,"255,7035","-48,78862","58899,1520833333",2635010101,1936,VALIDATED,"58904,0916666667",59093,NOR,0.113 (GX 339-4)
GX_339-4,"255,7111","-48,78915","58909,5260185185",2635010201,0,VALIDATED,"58913,6915509259",59103,NOR,0.213 (GX 339-4)
GX_339-4,"255,7013","-48,78432","58910,0407407407",2635010202,0,VALIDATED,"58992,3653587963",59104,NOR,0.371 (GX 339-4)
GX_339-4,"255,7058","-48,78986","58940,7375",2635010301,2255,VALIDATED,"58947,8188541667",59134,NOR,0.007 (GX 339-4)
GX_339-4,"255,7044","-48,78916","58959,0909375",2635010401,5274,VALIDATED,"58963,7988194444",59153,NOR,0.065 (GX 339-4)
GX_339-4,"255,706","-48,78975","59234,6930555556",3133010101,785,VALIDATED,"59242,0625347222",59248,NOR,0.009 (GX 339-4)
GX_339-4,"255,7058","-48,78966","59235,0162384259",3133010102,2332,VALIDATED,"59242,0781597222",59249,NOR,0.005 (GX 339-4)
GX_339-4,"255,7059","-48,78955","59236,0569444444",3133010103,949,VALIDATED,"59244,1222106482",59250,NOR,0.013 (GX 339-4)
GX_339-4,"255,7059","-48,78988","59237,7266782407",3133010104,496,VALIDATED,"59244,2575810185",59251,NOR,0.009 (GX 339-4)
GX_339-4,"255,7058","-48,79009","59237,9854976852",3133010105,3968,VALIDATED,"59244,2636342593",59252,NOR,0.021 (GX 339-4)
GX_339-4,"255,7063","-48,78994","59239,0191087963",3133010106,2454,VALIDATED,"59244,3800347222",59253,NOR,0.024 (GX 339-4)
GX_339-4,"255,7059","-48,78991","59240,1821412037",3133010107,1040,VALIDATED,"59246,9895486111",59254,NOR,0.011 (GX 339-4)
GX_339-4,"255,7057","-48,78963","59241,0867013889",3133010108,497,VALIDATED,"59247,0896064815",59255,NOR,0.008 (GX 339-4)
GX_339-4,"255,7058","-48,78981","59242,0556597222",3133010109,529,VALIDATED,"59247,1680555556",59256,NOR,0.004 (GX 339-4)
GX_339-4,"255,7062","-48,7898","59243,0892013889",3133010110,432,VALIDATED,"59255,8012731482",59257,NOR,0.017 (GX 339-4)
GX_339-4,"255,7057","-48,78955","59243,9946759259",3133010111,99,VALIDATED,"59253,9340046296",59258,NOR,0.012 (GX 339-4)
GX_339-4,"255,7053","-48,78897","59245,0294560185",3133010112,0,VALIDATED,"59250,7908796296",59259,NOR,0.050 (GX 339-4)
GX_339-4,"255,7062","-48,78989","59246,4425810185",3133010113,2348,VALIDATED,"59250,8695949074",59260,NOR,0.019 (GX 339-4)
GX_339-4,"255,7049","-48,78953","59248,9115972222",3133010114,0,VALIDATED,"59255,2191550926",59262,NOR,0.037 (GX 339-4)
GX_339-4,"255,7051","-48,7894","59249,0409837963",3133010115,0,VALIDATED,"59255,2367361111",59263,NOR,0.034 (GX 339-4)
GX_339-4,"255,7055","-48,78963","59250,2023148148",3133010116,1086,VALIDATED,"59255,8402199074",59264,NOR,0.013 (GX 339-4)
GX_339-4,"255,7044","-48,78901","59251,2350115741",3133010117,0,VALIDATED,"59255,8748032407",59265,NOR,0.070 (GX 339-4)
GX_339-4,"255,7046","-48,78925","59252,4600810185",3133010118,0,VALIDATED,"59255,9397337963",59266,NOR,0.055 (GX 339-4)
GX_339-4,"255,7034","-48,78878","59253,3636458333",3133010119,0,VALIDATED,"59263,9273611111",59267,NOR,0.111 (GX 339-4)
GX_339-4,"255,7052","-48,7892","59254,1449652778",3133010120,0,VALIDATED,"59268,6714467593",59268,NOR,0.040 (GX 339-4)
GX_339-4,"255,7048","-48,7894","59255,3513657407",3133010121,1340,VALIDATED,"59267,0288078704",59269,NOR,0.044 (GX 339-4)
GX_339-4,"255,7048","-48,78901","59255,9983564815",3133010122,1603,VALIDATED,"59267,7739583333",59270,NOR,0.059 (GX 339-4)
GX_339-4,"255,7054","-48,78721","59257,0340856481",3558010101,5814,VALIDATED,"59268,6872222222",59271,NOR,0.153 (GX 339-4)
GX_339-4,"255,7043","-48,78983","59258,0694444444",3558010102,4563,VALIDATED,"59268,7658217593",59272,NOR,0.059 (GX 339-4)
GX_339-4,"255,7048","-48,78974","59259,0453125",3558010201,4569,VALIDATED,"59268,8273148148",59273,NOR,0.039 (GX 339-4)
GX_339-4,"255,705","-48,7897","59260,143287037",3558010202,"5635,44238",VALIDATED,"59268,8993518519",59274,NOR,0.031 (GX 339-4)
GX_339-4,"255,7049","-48,78986","59261,0425925926",3558010301,3799,VALIDATED,"59270,8896990741",59275,NOR,0.036 (GX 339-4)
GX_339-4,"255,706","-48,7891","59262,1921296296",3558010302,2279,VALIDATED,"59269,0652662037",59276,NOR,0.040 (GX 339-4)
GX_339-4,"255,7014","-48,78874","59263,0344791667",3558010401,3838,VALIDATED,"59269,0990972222",59277,NOR,0.183 (GX 339-4)
GX_339-4,"255,7024","-48,78874","59264,0645486111",3558010402,3426,VALIDATED,"59269,1710532407",59278,NOR,0.147 (GX 339-4)
GX_339-4,"255,7053","-48,7897","59265,1613078704",3558010501,1541,VALIDATED,"59270,9733333333",59279,NOR,0.019 (GX 339-4)
GX_339-4,"255,7025","-48,78667","59266,1318287037",3558010601,2282,VALIDATED,"59271,0214814815",59280,NOR,0.226 (GX 339-4)
GX_339-4,"255,7026","-48,78662","59267,2308680556",3558010701,1003,VALIDATED,"59271,0785185185",59281,NOR,0.226 (GX 339-4)
GX_339-4,"255,7055","-48,78997","59268,0039814815",3558010801,1438,VALIDATED,"59275,0349189815",59282,NOR,0.017 (GX 339-4)
GX_339-4,"255,701","-48,78605","59269,1064814815",3558010802,26,VALIDATED,"59275,1236342593",59283,NOR,0.291 (GX 339-4)
GX_339-4,"255,7057","-48,78984","59269,4293981481",3558010901,1632,VALIDATED,"59275,1429166667",59283,NOR,0.006 (GX 339-4)
GX_339-4,"255,7086","-48,79183","59273,5414351852",3558011001,81,VALIDATED,"59278,0044907407",59287,NOR,0.167 (GX 339-4)
GX_339-4,"255,7044","-48,79038","59274,1176041667",3558011101,356,VALIDATED,"59278,631099537",59288,NOR,0.067 (GX 339-4)
GX_339-4,"255,7064","-48,78963","59275,084212963",3558011201,3584,VALIDATED,"59281,9534606481",59289,NOR,0.025 (GX 339-4)
GX_339-4,"255,706","-48,78964","59276,113900463",3558011301,3371,VALIDATED,"59282,0112731481",59290,NOR,0.011 (GX 339-4)
GX_339-4,"255,706","-48,78991","59277,0173611111",3558011302,2511,VALIDATED,"59283,6010532407",59291,NOR,0.013 (GX 339-4)
GX_339-4,"255,7057","-48,79006","59278,048125",3558011401,1494,VALIDATED,"59282,6849537037",59292,NOR,0.019 (GX 339-4)
GX_339-4,"255,7064","-48,78991","59278,3840277778",3558010803,1358,VALIDATED,"59282,7055439815",59292,NOR,0.026 (GX 339-4)
GX_339-4,"255,7059","-48,79268","59279,0784722222",3558010804,2707,VALIDATED,"59283,6921412037",59293,NOR,0.176 (GX 339-4)
GX_339-4,"255,7066","-48,79156","59280,1744328704",3558010902,4532,VALIDATED,"59284,6014236111",59294,NOR,0.114 (GX 339-4)
GX_339-4,"255,7072","-48,79052","59281,0141203704",3558010903,10998,VALIDATED,"59285,5791550926",59295,NOR,0.073 (GX 339-4)
GX_339-4,"255,709","-48,78993","59282,318287037",3558011002,993,VALIDATED,"59293,7108680556",59296,NOR,0.128 (GX 339-4)
GX_339-4,"255,7096","-48,79265","59283,5286574074",3558011003,1450,VALIDATED,"59293,764837963",59297,NOR,0.230 (GX 339-4)
GX_339-4,"255,7092","-48,79253","59284,0436226852",3558011102,2709,VALIDATED,"59293,7927662037",59298,NOR,0.215 (GX 339-4)
GX_339-4,"255,7104","-48,79112","59285,0240740741",3558011103,2916,VALIDATED,"59293,8563541667",59299,NOR,0.200 (GX 339-4)
GX_339-4,"255,7071","-48,78951","59286,056712963",3558011202,2417,VALIDATED,"59293,9151967593",59300,NOR,0.054 (GX 339-4)
GX_339-4,"255,7122","-48,79246","59287,2143518518",3558011203,2284,VALIDATED,"59294,0018634259",59301,NOR,0.301 (GX 339-4)
GX_339-4,"255,7074","-48,78933","59288,0491782407",3558011303,4600,VALIDATED,"59294,032337963",59302,NOR,0.069 (GX 339-4)
GX_339-4,"255,7071","-48,78917","59289,0236111111",3558011304,1203,VALIDATED,"59294,0945949074",59303,NOR,0.063 (GX 339-4)
GX_339-4,"255,7078","-48,78889","59289,9898726852",3558011305,726,VALIDATED,"59295,8927314815",59304,NOR,0.095 (GX 339-4)
GX_339-4,"255,7078","-48,78925","59290,0546296296",3558011402,1595,VALIDATED,"59295,9076273148",59304,NOR,0.085 (GX 339-4)
GX_339-4,"255,7059","-48,78955","59291,0259722222",3558011403,318,VALIDATED,"59295,9614236111",59305,NOR,0.013 (GX 339-4)
GX_339-4,"255,7063","-48,78966","59292,1717361111",3558011501,7560,VALIDATED,"59296,5990972222",59306,NOR,0.021 (GX 339-4)
GX_339-4,"255,7059","-48,78958","59292,9467476852",4133010101,2030,VALIDATED,"59296,6328703704",59306,NOR,0.011 (GX 339-4)
GX_339-4,"255,7069","-48,7893","59293,0280208333",4133010102,1860,VALIDATED,"59297,5895717593",59307,NOR,0.052 (GX 339-4)
GX_339-4,"255,7059","-48,78976","59299,1407291667",4133010103,6111,VALIDATED,"59303,6663888889",59313,NOR,0.005 (GX 339-4)
GX_339-4,"255,706","-48,78954","59300,0450578704",4133010104,8709,VALIDATED,"59324,6692013889",59314,NOR,0.015 (GX 339-4)
GX_339-4,"255,7057","-48,78994","59301,0199074074",4133010105,13582,VALIDATED,"59322,7666435185",59315,NOR,0.012 (GX 339-4)
GX_339-4,"255,7059","-48,78985","59302,1100462963",4133010106,10674,VALIDATED,"59319,7353472222",59316,NOR,0.008 (GX 339-4)
GX_339-4,"255,7056","-48,78982","59303,0138541667",4133010107,13748,VALIDATED,"59317,8366898148",59317,NOR,0.008 (GX 339-4)
GX_339-4,"255,706","-48,78976","59304,0465277778",4133010108,10074,VALIDATED,"59315,7972337963",59318,NOR,0.009 (GX 339-4)
GX_339-4,"255,7061","-48,78987","59305,0148148148",4133010109,16128,VALIDATED,"59315,8353125",59319,NOR,0.015 (GX 339-4)
GX_339-4,"255,7057","-48,78982","59306,0476851852",4133010110,12205,VALIDATED,"59317,925162037",59320,NOR,0.005 (GX 339-4)
GX_339-4,"255,7057","-48,78985","59307,0212962963",4133010111,13738,VALIDATED,"59317,968912037",59321,NOR,0.007 (GX 339-4)
GX_339-4,"255,7058","-48,78981","59307,9828703704",4133010112,11786,VALIDATED,"59319,7712615741",59322,NOR,0.004 (GX 339-4)
GX_339-4,"255,7058","-48,7899","59309,0371180556",4133010113,7766,VALIDATED,"59319,8341203704",59323,NOR,0.009 (GX 339-4)
GX_339-4,"255,7058","-48,78963","59310,1229166667",4133010114,12512,VALIDATED,"59320,7731828704",59324,NOR,0.007 (GX 339-4)
GX_339-4,"255,706","-48,78976","59311,0196875",4133010115,5350,VALIDATED,"59321,7733217593",59325,NOR,0.009 (GX 339-4)
GX_339-4,"255,7059","-48,78979","59312,0541666667",4133010116,9981,VALIDATED,"59322,8171643519",59326,NOR,0.005 (GX 339-4)
GX_339-4,"255,706","-48,7899","59313,0205555556",4133010117,9999,VALIDATED,"59324,7221064815",59327,NOR,0.013 (GX 339-4)
GX_339-4,"255,7059","-48,78989","59314,0057638889",4133010118,"11439,90462",VALIDATED,"59324,774375",59328,NOR,0.010 (GX 339-4)
GX_339-4,"255,7059","-48,78973","59315,021724537",4133010119,6429,VALIDATED,"59330,7893402778",59329,NOR,0.005 (GX 339-4)
GX_339-4,"255,706","-48,78973","59315,9900231482",4133010120,3487,VALIDATED,"59330,066875",59330,NOR,0.009 (GX 339-4)
GX_339-4,"255,7057","-48,78968","59317,0916666667",4133010121,3580,VALIDATED,"59330,1161574074",59331,NOR,0.005 (GX 339-4)
GX_339-4,"255,7057","-48,78923","59317,9953356481",4133010122,1519,VALIDATED,"59330,8150578704",59332,NOR,0.031 (GX 339-4)
GX_339-4,"255,7058","-48,78969","59318,1248726852",4675010101,1433,VALIDATED,"59330,1691319444",59332,NOR,0.003 (GX 339-4)
GX_339-4,"255,7052","-48,78899","59319,0962962963",4133010123,3294,VALIDATED,"59331,5896643518",59333,NOR,0.051 (GX 339-4)
GX_339-4,"255,7057","-48,78939","59320,0007291667",4133010124,2507,VALIDATED,"59332,6055208333",59334,NOR,0.022 (GX 339-4)
GX_339-4,"255,7051","-48,7892","59321,0923611111",4133010125,968,VALIDATED,"59332,65125",59335,NOR,0.042 (GX 339-4)
GX_339-4,"255,705","-48,78909","59322,2043981481",4133010126,4226,VALIDATED,"59341,6787384259",59336,NOR,0.050 (GX 339-4)
GX_339-4,"255,7062","-48,79008","59323,1087962963",4133010127,11622,VALIDATED,"59341,7365046296",59337,NOR,0.026 (GX 339-4)
GX_339-4,"255,7051","-48,78949","59324,012037037",4133010128,7890,VALIDATED,"59339,8769097222",59338,NOR,0.031 (GX 339-4)
GX_339-4,"255,7061","-48,78997","59325,0465277778",4133010129,1646,VALIDATED,"59335,7080902778",59339,NOR,0.018 (GX 339-4)
GX_339-4,"255,7022","-48,78808","59327,0448148148",4133010130,3097,VALIDATED,"59337,7570023148",59341,NOR,0.173 (GX 339-4)
GX_339-4,"255,7041","-48,78925","59328,0803240741",4133010131,3442,VALIDATED,"59339,9163194444",59342,NOR,0.073 (GX 339-4)
GX_339-4,"255,7026","-48,78764","59329,4833333333",4133010132,1770,VALIDATED,"59339,9728009259",59343,NOR,0.178 (GX 339-4)
GX_339-4,"255,7042","-48,78889","59330,0643518519",4133010133,2943,VALIDATED,"59341,7884259259",59344,NOR,0.081 (GX 339-4)
GX_339-4,"255,7032","-48,78907","59331,0337962963",4133010134,2377,VALIDATED,"59341,8503935185",59345,NOR,0.110 (GX 339-4)
GX_339-4,"255,7037","-48,7887","59332,0009259259",4133010135,2213,VALIDATED,"59345,6048958333",59346,NOR,0.104 (GX 339-4)
GX_339-4,"255,7041","-48,78759","59332,9033449074",4675010201,50,VALIDATED,"59344,6597453704",59346,NOR,0.145 (GX 339-4)
GX_339-4,"255,7032","-48,78815","59333,0331365741",4675010202,0,VALIDATED,"59344,683287037",59347,NOR,0.140 (GX 339-4)
GX_339-4,"255,7028","-48,78804","59333,1610300926",4133010136,2782,VALIDATED,"59343,7071759259",59347,NOR,0.156 (GX 339-4)
GX_339-4,"255,7028","-48,78547","59334,1972222222",4590010101,1297,VALIDATED,"59343,7806481481",59348,NOR,0.282 (GX 339-4)
GX_339-4,"255,7033","-48,78637","59334,5864930556",4133010137,693,VALIDATED,"59344,7503819444",59348,NOR,0.225 (GX 339-4)
GX_339-4,"255,7032","-48,78344","59335,4890625",4133010138,698,VALIDATED,"59345,6952083333",59349,NOR,0.392 (GX 339-4)
GX_339-4,"255,7027","-48,78498","59336,0012962963",4133010139,468,VALIDATED,"59346,602662037",59350,NOR,0.311 (GX 339-4)
GX_339-4,"255,7038","-48,7849","59337,555150463",4133010140,473,VALIDATED,"59347,6518055556",59351,NOR,0.301 (GX 339-4)
GX_339-4,"255,7061","-48,78814","59338,5233564815",4133010141,840,VALIDATED,"59357,6348148148",59352,NOR,0.097 (GX 339-4)
GX_339-4,"255,7046","-48,78477","59339,8803935185",4133010142,320,VALIDATED,"59349,6875",59353,NOR,0.302 (GX 339-4)
GX_339-4,"255,7056","-48,78969","59340,9145833333",4133010143,273,VALIDATED,"59350,6413425926",59354,NOR,0.008 (GX 339-4)
GX_339-4,"255,7053","-48,78986","59341,2370601852",4133010144,1645,VALIDATED,"59351,6253240741",59355,NOR,0.020 (GX 339-4)
GX_339-4,"255,7034","-48,79235","59345,8037384259",4133010145,250,VALIDATED,"59356,6645138889",59359,NOR,0.182 (GX 339-4)
GX_339-4,"255,7049","-48,78978","59345,9961805556",4133010146,1309,VALIDATED,"59356,6674305556",59360,NOR,0.035 (GX 339-4)
GX_339-4,"255,706","-48,78959","59346,5740740741",4675010301,0,VALIDATED,"59356,7138194444",59360,NOR,0.013 (GX 339-4)
GX_339-4,"255,7057","-48,78984","59347,0943055556",4133010147,351,VALIDATED,"59357,6747222222",59361,NOR,0.006 (GX 339-4)
GX_339-4,"255,7058","-48,78984","59347,993900463",4133010148,360,VALIDATED,"59361,6052083333",59362,NOR,0.006 (GX 339-4)
GX_339-4,"255,7092","-48,79101","59354,6208564815",4133010149,1402,VALIDATED,"59367,1302199074",59368,NOR,0.155 (GX 339-4)
GX_339-4,"255,7108","-48,7923","59355,2045601852",4133010150,1662,VALIDATED,"59368,0051736111",59369,NOR,0.251 (GX 339-4)
GX_339-4,"255,709","-48,79136","59356,1736805556",4133010151,2922,VALIDATED,"59368,047962963",59370,NOR,0.160 (GX 339-4)
GX_339-4,"255,7096","-48,79152","59357,3361111111",4133010152,1687,VALIDATED,"59368,121875",59371,NOR,0.185 (GX 339-4)
GX_339-4,"255,7086","-48,79051","59358,1104166667",4133010153,2502,VALIDATED,"59369,7135416667",59372,NOR,0.120 (GX 339-4)
GX_339-4,"255,7103","-48,79174","59359,0139583333",4133010154,1128,VALIDATED,"59369,7517361111",59373,NOR,0.215 (GX 339-4)
GX_339-4,"255,7109","-48,79221","59359,1441898148",4675010401,1102,VALIDATED,"59369,7807986111",59373,NOR,0.251 (GX 339-4)
GX_339-4,"255,7122","-48,79067","59360,0534722222",4133010155,1069,VALIDATED,"59374,6590856481",59374,NOR,0.260 (GX 339-4)
GX_339-4,"255,7072","-48,78889","59361,155787037",4133010156,1434,VALIDATED,"59371,6952314815",59375,NOR,0.076 (GX 339-4)
GX_339-4,"255,7116","-48,79203","59362,1788078704",4133010157,292,VALIDATED,"59371,7360532407",59376,NOR,0.268 (GX 339-4)
GX_339-4,"255,7066","-48,78917","59363,1590277778",4133010158,1453,VALIDATED,"59373,7386689815",59377,NOR,0.047 (GX 339-4)
GX_339-4,"255,7071","-48,78896","59364,8953703704",4133010159,978,VALIDATED,"59374,7192708333",59378,NOR,0.070 (GX 339-4)
GX_339-4,"255,7071","-48,78865","59365,4763888889",4133010160,1434,VALIDATED,"59375,677349537",59379,NOR,0.084 (GX 339-4)
GX_339-4,"255,7065","-48,78932","59366,1912847222",4133010161,917,VALIDATED,"59376,8002430556",59380,NOR,0.038 (GX 339-4)
GX_339-4,"255,7061","-48,78956","59367,037962963",4133010162,1119,VALIDATED,"59377,6153125",59381,NOR,0.017 (GX 339-4)
GX_339-4,"255,7061","-48,7893","59368,0627430556",4133010163,752,VALIDATED,"59378,6486574074",59382,NOR,0.030 (GX 339-4)
GX_339-4,"255,7084","-48,78971","59369,4103356482",4133010164,549,VALIDATED,"59379,6642592593",59383,NOR,0.104 (GX 339-4)
GX_339-4,"255,7058","-48,78972","59370,3051041667",4133010165,1887,VALIDATED,"59379,7203240741",59384,NOR,0.002 (GX 339-4)
GX_339-4,"255,707","-48,78974","59371,3475231481",4133010166,443,VALIDATED,"59381,8557291667",59385,NOR,0.048 (GX 339-4)
GX_339-4,"255,7065","-48,78985","59372,3803819444",4133010167,641,VALIDATED,"59382,6550115741",59386,NOR,0.029 (GX 339-4)
GX_339-4,"255,7057","-48,7898","59373,5984143519",4133010168,1237,VALIDATED,"59385,6851273148",59387,NOR,0.005 (GX 339-4)
GX_339-4,"255,7057","-48,78985","59375,0162037037",4133010169,1149,VALIDATED,"59385,6960300926",59389,NOR,0.007 (GX 339-4)
GX_339-4,"255,7057","-48,78976","59376,2428240741",4133010170,1510,VALIDATED,"59386,7014467593",59390,NOR,0.003 (GX 339-4)
GX_339-4,"255,7054","-48,79026","59377,7941782407",4675010501,1028,VALIDATED,"59387,7196990741",59391,NOR,0.034 (GX 339-4)
GX_339-4,"255,7057","-48,78965","59378,5687152778",4133010171,966,VALIDATED,"59388,7059143518",59392,NOR,0.007 (GX 339-4)
GX_339-4,"255,7057","-48,78989","59379,0207986111",4133010172,120,VALIDATED,"59388,7192361111",59393,NOR,0.009 (GX 339-4)
GX_339-4,"255,7058","-48,78984","59379,9890972222",4133010173,2327,VALIDATED,"59390,6596180556",59394,NOR,0.006 (GX 339-4)
GX_339-4,"255,7056","-48,78972","59381,4092708333",4133010174,1178,VALIDATED,"59391,716712963",59395,NOR,0.007 (GX 339-4)
GX_339-4,"255,7058","-48,78983","59381,9903125",4133010175,1570,VALIDATED,"59393,0239351852",59396,NOR,0.005 (GX 339-4)
GX_339-4,"255,7056","-48,78999","59383,1684027778",4133010176,1481,VALIDATED,"59393,1925578704",59397,NOR,0.016 (GX 339-4)
GX_339-4,"255,7058","-48,78953","59384,327974537",4133010177,410,VALIDATED,"59394,7079976852",59398,NOR,0.013 (GX 339-4)
GX_339-4,"255,7063","-48,78943","59385,3469907407",4133010178,1325,VALIDATED,"59398,7427083333",59399,NOR,0.028 (GX 339-4)
GX_339-4,"255,7058","-48,78982","59386,1215046296",4133010179,2139,VALIDATED,"59398,7838310185",59400,NOR,0.004 (GX 339-4)
GX_339-4,"255,7062","-48,78951","59387,2832986111",4133010180,1856,VALIDATED,"59398,83625",59401,NOR,0.022 (GX 339-4)
GX_339-4,"255,7057","-48,78958","59388,0580439815",4133010181,1947,VALIDATED,"59398,8610416667",59402,NOR,0.011 (GX 339-4)
GX_339-4,"255,7056","-48,78952","59389,3496296296",4133010182,1305,VALIDATED,"59401,8379282407",59403,NOR,0.015 (GX 339-4)
GX_339-4,"255,7052","-48,78971","59390,2526967593",4133010183,535,VALIDATED,"59401,926724537",59404,NOR,0.023 (GX 339-4)
GX_339-4,"255,7061","-48,78967","59391,7376273148",4133010184,343,VALIDATED,"59404,9209143519",59405,NOR,0.013 (GX 339-4)
GX_339-4,"255,705","-48,78876","59392,5121759259",4133010185,1377,VALIDATED,"59403,8299305556",59406,NOR,0.067 (GX 339-4)
GX_339-4,"255,7049","-48,78841","59393,6096180556",4133010186,806,VALIDATED,"59404,9791087963",59407,NOR,0.087 (GX 339-4)
GX_339-4,"255,7041","-48,78853","59394,5139814815",4133010187,1021,VALIDATED,"59415,7227199074",59408,NOR,0.099 (GX 339-4)
GX_339-4,"255,7043","-48,78809","59395,4831597222",4133010188,186,VALIDATED,"59407,8232291667",59409,NOR,0.115 (GX 339-4)
GX_339-4,"255,7046","-48,78879","59395,9998148148",4133010189,542,VALIDATED,"59407,8316898148",59410,NOR,0.074 (GX 339-4)
GX_339-4,"255,7046","-48,7882","59397,2248842593",4133010190,1886,VALIDATED,"59413,699525463",59411,NOR,0.104 (GX 339-4)
GX_339-4,"255,7045","-48,78844","59398,0027430556",4675010601,1434,VALIDATED,"59412,7251851852",59412,NOR,0.093 (GX 339-4)
GX_339-4,"255,7043","-48,78838","59398,8425231481",4133010191,384,VALIDATED,"59411,7591550926",59412,NOR,0.101 (GX 339-4)
GX_339-4,"255,7045","-48,78918","59399,425462963",4133010192,2081,VALIDATED,"59409,7194444444",59413,NOR,0.061 (GX 339-4)
GX_339-4,"255,7038","-48,78831","59400,0046064815",4133010193,1997,VALIDATED,"59410,8603472222",59414,NOR,0.116 (GX 339-4)
GX_339-4,"255,7047","-48,78904","59401,7493171296",4133010194,652,VALIDATED,"59411,8138425926",59415,NOR,0.060 (GX 339-4)
GX_339-4,"255,7044","-48,78995","59402,8478125",4133010195,841,VALIDATED,"59412,8211111111",59416,NOR,0.056 (GX 339-4)
GX_339-4,"255,7047","-48,78959","59403,4923611111",4133010196,1086,VALIDATED,"59412,8835648148",59417,NOR,0.044 (GX 339-4)
GX_339-4,"255,7048","-48,78951","59405,8211574074",4133010197,1164,VALIDATED,"59415,8009375",59419,NOR,0.041 (GX 339-4)
GX_339-4,"255,703","-48,78915","59406,5215393519",4133010198,86,VALIDATED,"59416,6635069444",59420,NOR,0.116 (GX 339-4)
GX_339-4,"255,7029","-48,79044","59411,4255787037",4133010199,0,VALIDATED,"59421,6771412037",59425,NOR,0.121 (GX 339-4)
GX_339-4,"255,7017","-48,79155","59412,0061574074",4133010201,0,VALIDATED,"59421,6833449074",59426,NOR,0.194 (GX 339-4)
GX_339-4,"255,7026","-48,7869","59413,100462963",4133010202,573,VALIDATED,"59423,6155208333",59427,NOR,0.212 (GX 339-4)
GX_339-4,"255,7057","-48,78995","59415,3056712963",4675010602,1631,VALIDATED,"59425,6353703704",59429,NOR,0.013 (GX 339-4)
GX_339-4,"255,6987","-48,78565","59416,0162615741",4133010203,16,VALIDATED,"59425,6610069444",59430,NOR,0.373 (GX 339-4)
GX_339-4,"255,7058","-48,78963","59422,1266203704",4133010204,1513,VALIDATED,"59471,6933680556",59436,NOR,0.007 (GX 339-4)
GX_339-4,"255,7092","-48,78901","59423,3543981481",4133010205,413,VALIDATED,"59471,7540046296",59437,NOR,0.142 (GX 339-4)
GX_339-4,"255,7077","-48,78915","59423,9905092593",4133010206,2144,VALIDATED,"59471,7732986111",59438,NOR,0.084 (GX 339-4)
GX_339-4,"255,7059","-48,79079","59425,0291666667",4133010207,1029,VALIDATED,"59471,8320486111",59439,NOR,0.063 (GX 339-4)
GX_339-4,"255,7062","-48,78965","59426,1912037037",4133010208,986,VALIDATED,"59471,9349537037",59440,NOR,0.018 (GX 339-4)
GX_339-4,"255,7063","-48,78959","59427,1551736111",4133010209,1681,VALIDATED,"59472,0035300926",59441,NOR,0.023 (GX 339-4)
GX_339-4,"255,7062","-48,7897","59427,9947569444",4133010210,1787,VALIDATED,"59472,0406018519",59442,NOR,0.017 (GX 339-4)
GX_339-4,"255,7063","-48,78948","59429,0300462963",4133010211,1371,VALIDATED,"59466,1063078704",59443,NOR,0.026 (GX 339-4)
GX_339-4,"255,7069","-48,78934","59430,1260532407",4133010212,502,VALIDATED,"59466,1853587963",59444,NOR,0.050 (GX 339-4)
GX_339-4,"255,7104","-48,79361","59431,1516203704",4133010213,347,VALIDATED,"59472,0951041667",59445,NOR,0.295 (GX 339-4)
GX_339-4,"255,7065","-48,78942","59432,0015277778",4133010214,1711,VALIDATED,"59466,2737962963",59446,NOR,0.034 (GX 339-4)
GX_339-4,"255,7063","-48,78954","59433,4236458333",4133010215,282,VALIDATED,"59467,1481134259",59447,NOR,0.024 (GX 339-4)
GX_339-4,"255,7057","-48,78973","59434,3932291667",4133010216,60,VALIDATED,"59467,192037037",59448,NOR,0.003 (GX 339-4)
GX_339-4,"255,7124","-48,79485","59435,8655092593",4133010217,216,VALIDATED,"59467,257662037",59449,NOR,0.403 (GX 339-4)
GX_339-4,"255,7095","-48,78973","59437,9872106481",4133010218,556,VALIDATED,"59468,1159953704",59452,NOR,0.147 (GX 339-4)
GX_339-4,"255,7063","-48,78913","59439,1632986111",4133010219,473,VALIDATED,"59468,1809027778",59453,NOR,0.042 (GX 339-4)
GX_339-4,"255,7081","-48,78923","59440,2452777778",4133010220,680,VALIDATED,"59468,2251273148",59454,NOR,0.097 (GX 339-4)
GX_339-4,"255,7071","-48,78856","59441,0175925926",4133010221,770,VALIDATED,"59468,2434027778",59455,NOR,0.088 (GX 339-4)
GX_339-4,"255,7063","-48,78968","59442,0533912037",4133010222,890,VALIDATED,"59470,9483217593",59456,NOR,0.021 (GX 339-4)
GX_339-4,"255,7068","-48,78944","59442,8925115741",4675010603,876,VALIDATED,"59470,9657291667",59456,NOR,0.044 (GX 339-4)
GX_339-4,"255,7068","-48,78992","59443,0205902778",4675010604,870,VALIDATED,"59470,9735532407",59457,NOR,0.042 (GX 339-4)
GX_339-4,"255,7065","-48,78961","59443,0861111111",4133010223,884,VALIDATED,"59470,9940509259",59457,NOR,0.030 (GX 339-4)
GX_339-4,"255,7083","-48,78902","59444,1157407407",4133010224,683,VALIDATED,"59471,0337268518",59458,NOR,0.109 (GX 339-4)
GX_339-4,"255,7059","-48,78944","59445,1520486111",4133010225,688,VALIDATED,"59471,0869444444",59459,NOR,0.019 (GX 339-4)
GX_339-4,"255,7042","-48,79078","59446,1203472222",4133010226,632,VALIDATED,"59471,1347569444",59460,NOR,0.088 (GX 339-4)
GX_339-4,"255,7059","-48,78991","59447,2200115741",4133010227,1137,VALIDATED,"59471,1690393519",59461,NOR,0.011 (GX 339-4)
GX_339-4,"255,7091","-48,79567","59451,6091666667",4133010228,153,VALIDATED,"59464,736412037",59465,NOR,0.379 (GX 339-4)
GX_339-4,"255,7059","-48,79258","59452,1935185185",4133010229,248,VALIDATED,"59464,7757523148",59466,NOR,0.170 (GX 339-4)
GX_339-4,"255,7056","-48,78999","59454,0090277778",4133010230,621,VALIDATED,"59464,8765393519",59468,NOR,0.016 (GX 339-4)
GX_339-4,"255,7055","-48,78995","59455,0457407407",4133010231,848,VALIDATED,"59465,6192013889",59469,NOR,0.017 (GX 339-4)
GX_339-4,"255,7057","-48,78985","59456,5315625",4133010232,570,VALIDATED,"59466,6325694444",59470,NOR,0.007 (GX 339-4)
GX_339-4,"255,7056","-48,78994","59457,1768518519",4133010233,620,VALIDATED,"59466,682650463",59471,NOR,0.014 (GX 339-4)
GX_339-4,"255,7057","-48,79002","59458,7274884259",4133010234,435,VALIDATED,"59468,6442592593",59472,NOR,0.017 (GX 339-4)
GX_339-4,"255,7058","-48,78999","59459,3729166667",4133010235,655,VALIDATED,"59469,6521180556",59473,NOR,0.015 (GX 339-4)
GX_339-4,"255,7058","-48,79007","59460,1475115741",4133010236,257,VALIDATED,"59469,6933680556",59474,NOR,0.019 (GX 339-4)
GX_339-4,"255,706","-48,78939","59466,5227430556",4133010237,168,VALIDATED,"59484,8015740741",59480,NOR,0.023 (GX 339-4)
GX_339-4,"255,705","-48,78908","59467,1036689815",4133010238,538,VALIDATED,"59481,7828935185",59481,NOR,0.051 (GX 339-4)
GX_339-4,"255,7038","-48,78822","59468,1391203704",4133010239,944,VALIDATED,"59478,723587963",59482,NOR,0.121 (GX 339-4)
GX_339-4,"255,7046","-48,7891","59468,3953472222",4675010605,1243,VALIDATED,"59478,7283333333",59482,NOR,0.061 (GX 339-4)
GX_339-4,"255,7047","-48,78916","59469,2342361111",4133010240,664,VALIDATED,"59478,8321412037",59483,NOR,0.055 (GX 339-4)
GX_339-4,"255,7049","-48,78923","59470,0741319444",4133010241,1075,VALIDATED,"59480,8868287037",59484,NOR,0.047 (GX 339-4)
GX_339-4,"255,7025","-48,78964","59471,2486111111",4133010242,1145,VALIDATED,"59480,9660069444",59485,NOR,0.130 (GX 339-4)
GX_339-4,"255,7035","-48,78875","59472,1511574074",4133010243,2266,VALIDATED,"59481,8689583333",59486,NOR,0.108 (GX 339-4)
GX_339-4,"255,7041","-48,78931","59473,8988425926",4133010244,465,VALIDATED,"59484,9224421296",59487,NOR,0.071 (GX 339-4)
GX_339-4,"255,7038","-48,78885","59474,5497685185",4133010245,580,VALIDATED,"59490,6408217593",59488,NOR,0.095 (GX 339-4)
GX_339-4,"255,7011","-48,78711","59475,1770833333",4133010246,604,VALIDATED,"59489,714212963",59489,NOR,0.243 (GX 339-4)
GX_339-4,"255,7019","-48,78826","59476,2722222222",4133010247,38,VALIDATED,"59486,7613425926",59490,NOR,0.177 (GX 339-4)
GX_339-4,"255,7017","-48,78845","59477,256712963",4133010248,824,VALIDATED,"59486,8347337963",59491,NOR,0.179 (GX 339-4)
GX_339-4,"255,7004","-48,78868","59478,5963310185",4133010249,185,VALIDATED,"59488,0558564815",59492,NOR,0.222 (GX 339-4)
GX_339-4,"255,6991","-48,78708","59481,1174537037",4133010250,615,VALIDATED,"59490,7132060185",59495,NOR,0.309 (GX 339-4)
GX_339-4,"255,7029","-48,79003","59482,0942939815",4133010251,1001,VALIDATED,"59491,6724074074",59496,NOR,0.115 (GX 339-4)
GX_339-4,"255,7051","-48,78978","59482,998599537",4133010252,1406,VALIDATED,"59492,6478009259",59497,NOR,0.027 (GX 339-4)
GX_339-4,"255,7092","-48,7915","59484,2111111111",4133010253,0,VALIDATED,"59493,6928009259",59498,NOR,0.171 (GX 339-4)
GX_339-4,"255,7113","-48,79639","59485,2473032407",4133010254,0,VALIDATED,"59494,691400463",59499,NOR,0.454 (GX 339-4)
GX_339-4,"255,7054","-48,78971","59486,4131944444",4133010255,404,VALIDATED,"59495,7033217593",59500,NOR,0.015 (GX 339-4)
GX_339-4,"255,7054","-48,78976","59487,2506134259",4133010256,676,VALIDATED,"59496,6672106481",59501,NOR,0.015 (GX 339-4)
GX_339-4,"255,7048","-48,78844","59488,6072106482",4675010701,849,VALIDATED,"59498,6330208333",59502,NOR,0.087 (GX 339-4)
GX_339-4,"255,706","-48,78976","59494,2061805556",4133010257,2351,VALIDATED,"59504,5956944444",59508,NOR,0.009 (GX 339-4)
GX_339-4,"255,7045","-48,79063","59495,0465277778",4133010258,751,VALIDATED,"59504,6299189815",59509,NOR,0.073 (GX 339-4)
GX_339-4,"255,7069","-48,79172","59496,0833796296",4133010259,1596,VALIDATED,"59506,5983449074",59510,NOR,0.126 (GX 339-4)
GX_339-4,"255,7063","-48,78991","59497,094849537",4652010101,6257,VALIDATED,"59507,6036111111",59691,NOR,0.023 (GX 339-4)
GX_339-4,"255,7098","-48,79288","59497,7412037037",4590010201,1955,VALIDATED,"59507,625150463",59511,NOR,0.246 (GX 339-4)
GX_339-4,"255,7103","-48,792","59497,8699074074",4133010260,857,VALIDATED,"59507,6271296296",59511,NOR,0.224 (GX 339-4)
GX_339-4,"255,7086","-48,79245","59498,0696759259",4133010261,2636,VALIDATED,"59508,5981365741",59512,NOR,0.197 (GX 339-4)
GX_339-4,"255,7067","-48,78972","59499,030775463",4553010101,475,VALIDATED,"59508,6460763889",59513,NOR,0.036 (GX 339-4)
GX_339-4,"255,7073","-48,79239","59499,227337963",4133010262,2336,VALIDATED,"59509,5991782407",59513,NOR,0.170 (GX 339-4)
GX_339-4,"255,7063","-48,78967","59499,7420949074",4590010202,1798,VALIDATED,"59509,6229513889",59513,NOR,0.021 (GX 339-4)
GX_339-4,"255,7065","-48,7898","59499,9999537037",4553010102,260,VALIDATED,"59509,6261574074",59514,NOR,0.029 (GX 339-4)
GX_339-4,"255,7083","-48,79457","59500,2598958333",4133010263,625,VALIDATED,"59510,6156597222",59514,NOR,0.306 (GX 339-4)
GX_339-4,"255,7064","-48,78968","59501,0353009259",4133010264,1483,VALIDATED,"59511,6078125",59515,NOR,0.025 (GX 339-4)
GX_339-4,"255,7053","-48,78955","59502,0730902778",4133010265,1166,VALIDATED,"59512,6190277778",59516,NOR,0.022 (GX 339-4)
GX_339-4,"255,7064","-48,7896","59503,1773263889",4133010266,109,VALIDATED,"59512,6673032407",59517,NOR,0.026 (GX 339-4)
GX_339-4,"255,709","-48,79151","59507,9472569444",4133010267,0,VALIDATED,"59518,7327546296",59521,NOR,0.165 (GX 339-4)
GX_339-4,"255,7098","-48,79021","59508,7744097222",4133010268,1189,VALIDATED,"59518,7798611111",59522,NOR,0.161 (GX 339-4)
GX_339-4,"255,71","-48,7902","59509,1703703704",4133010269,1729,VALIDATED,"59519,6700810185",59523,NOR,0.169 (GX 339-4)
GX_339-4,"255,7092","-48,78987","59510,3875",4133010270,762,VALIDATED,"59519,7382060185",59524,NOR,0.135 (GX 339-4)
GX_339-4,"255,7095","-48,78983","59510,9040856482",4652010102,885,VALIDATED,"59520,687650463",59704,NOR,0.147 (GX 339-4)
GX_339-4,"255,7081","-48,78969","59511,0970949074",4652010103,2702,VALIDATED,"59520,7028587963",59705,NOR,0.092 (GX 339-4)
GX_339-4,"255,7097","-48,78971","59511,4847800926",4133010271,899,VALIDATED,"59520,7378703704",59525,NOR,0.155 (GX 339-4)
GX_339-4,"255,7076","-48,78961","59512,0011574074",4133010272,1495,VALIDATED,"59522,6380208333",59526,NOR,0.072 (GX 339-4)
GX_339-4,"255,7073","-48,78923","59513,0334953704",4133010273,1912,VALIDATED,"59523,78125",59527,NOR,0.068 (GX 339-4)
GX_339-4,"255,7082","-48,78941","59514,0010300926",4652010401,511,VALIDATED,"59523,8281365741",59708,NOR,0.098 (GX 339-4)
GX_339-4,"255,7071","-48,78962","59515,0400462963",4652010402,1573,VALIDATED,"59526,6773032407",59709,NOR,0.053 (GX 339-4)
GX_339-4,"255,706","-48,7894","59515,2986111111",4133010274,193,VALIDATED,"59526,7290162037",59529,NOR,0.023 (GX 339-4)
GX_339-4,"255,7073","-48,78912","59516,0022337963",4652010403,151,VALIDATED,"59526,7491087963",59710,NOR,0.071 (GX 339-4)
GX_339-4,"255,7065","-48,78946","59516,7767939815",4133010275,18,VALIDATED,"59527,6662847222",59530,NOR,0.033 (GX 339-4)
GX_339-4,"255,7061","-48,78967","59517,4870717593",4675010801,66,VALIDATED,"59528,7861921296",59531,NOR,0.013 (GX 339-4)
GX_339-4,"255,7059","-48,78932","59517,7451041667",4133010276,4,VALIDATED,"59528,7968518519",59531,NOR,0.026 (GX 339-4)
GX_339-4,"255,7064","-48,78945","59518,0680208333",4133010277,26,VALIDATED,"59536,8861111111",59532,NOR,0.030 (GX 339-4)
GX_339-4,"255,7059","-48,78966","59519,5527777778",4133010278,0,VALIDATED,"59533,0452777778",59533,NOR,0.007 (GX 339-4)
GX_339-4,"255,7058","-48,78994","59520,0696412037",4133010279,45,VALIDATED,"59531,9460532407",59534,NOR,0.012 (GX 339-4)
GX_339-4,"255,7059","-48,7898","59520,7145601852",4652010501,99,VALIDATED,"59531,0287037037",59714,NOR,0.006 (GX 339-4)
GX_339-4,"255,706","-48,78981","59521,0372106481",4652010502,349,VALIDATED,"59531,0581712963",59715,NOR,0.009 (GX 339-4)
GX_339-4,"255,706","-48,79015","59599,41875",4675010901,1753,VALIDATED,"59609,8372800926",59613,NOR,0.026 (GX 339-4)
GX_339-4,"255,704","-48,78973","59624,3328703704",4675011001,72,VALIDATED,"59634,8253472222",59638,NOR,0.070 (GX 339-4)
GX_339-4,"255,7013","-48,78645","59627,5474537037",4675011002,1248,VALIDATED,"59640,1831828704",59641,NOR,0.266 (GX 339-4)
GX_339-4,"255,7057","-48,79006","59820,8613078704",5133010201,0,VALIDATED,"59830,9127314815",59834,NOR,0.019 (GX 339-4)
GX_339-4,"255,7058","-48,7901","59822,9895833333",5133010202,0,VALIDATED,"59829,918900463",59836,NOR,0.021 (GX 339-4)
GX_339-4,"255,7061","-48,78938","59823,0552314815",5599010101,982,VALIDATED,"59836,4159375",59837,NOR,0.025 (GX 339-4)
GX_339-4,"255,7059","-48,78973","59824,0240740741",5599010102,1798,VALIDATED,"59836,5116319444",59838,NOR,0.005 (GX 339-4)
GX_339-4,"255,705","-48,78958","59830,6504861111",5599010103,1257,VALIDATED,"59840,7770833333",59844,NOR,0.032 (GX 339-4)
GX_339-4,"255,7051","-48,78925","59831,038275463",5599010104,1423,VALIDATED,"59844,0613657407",59845,NOR,0.040 (GX 339-4)
GX_339-4,"255,7052","-48,78961","59831,8118402778",5605030101,713,VALIDATED,"59844,1037268518",59845,NOR,0.024 (GX 339-4)
GX_339-4,"255,7043","-48,78914","59832,0052430556",5605030102,864,VALIDATED,"59844,1108217593",59846,NOR,0.069 (GX 339-4)
GX_339-4,"255,7053","-48,78958","59832,7792013889",5599010105,2298,VALIDATED,"59842,8742361111",59846,NOR,0.022 (GX 339-4)
GX_339-4,"255,7049","-48,78938","59833,0371990741",5599010106,4652,VALIDATED,"59844,1642361111",59847,NOR,0.041 (GX 339-4)
GX_339-4,"255,7051","-48,78939","59834,0173611111",5133010203,1153,VALIDATED,"59844,2126273148",59848,NOR,0.034 (GX 339-4)
GX_339-4,"255,7049","-48,78928","59835,0363078704",5133010204,1322,VALIDATED,"59846,0911111111",59849,NOR,0.045 (GX 339-4)
GX_339-4,"255,7052","-48,78909","59836,9066666667",5133010205,1719,VALIDATED,"59846,9748958333",59850,NOR,0.046 (GX 339-4)
GX_339-4,"255,7051","-48,7895","59838,3254398148",5133010206,7176,VALIDATED,"59848,8218171296",59852,NOR,0.031 (GX 339-4)
GX_339-4,"255,7045","-48,78918","59839,2931944444",5133010207,6117,VALIDATED,"59849,8673842593",59853,NOR,0.061 (GX 339-4)
GX_339-4,"255,7016","-48,78655","59841,6918981482",5133010208,"2271,61373",VALIDATED,"59852,7595486111",59855,NOR,0.253 (GX 339-4)
GX_339-4,"255,7028","-48,78876","59841,9976851852",5133010209,"6985,90571",VALIDATED,"59852,7680324074",59856,NOR,0.132 (GX 339-4)
GX_339-4,"255,7027","-48,78837","59843,0296296296",5133010210,"1202,15225",VALIDATED,"59855,0095023148",59857,NOR,0.147 (GX 339-4)
GX_339-4,"255,7013","-48,78797","59844,3358796296",5133010211,1154,VALIDATED,"59855,1024189815",59858,NOR,0.207 (GX 339-4)
GX_339-4,"255,7051","-48,78963","59845,2262152778",5133010212,3576,VALIDATED,"59855,1670601852",59859,NOR,0.028 (GX 339-4)
GX_339-4,"255,705","-48,78985","59846,1456018519",5133010213,821,VALIDATED,"59855,2390856482",59860,NOR,0.032 (GX 339-4)
GX_339-4,"255,7066","-48,78492","59847,8761226852",5133010214,448,VALIDATED,"59859,7848726852",59861,NOR,0.291 (GX 339-4)
GX_339-4,"255,7086","-48,78371","59848,1985763889",5133010215,446,VALIDATED,"59858,7521875",59862,NOR,0.379 (GX 339-4)
GX_339-4,"255,703","-48,78779","59849,03",5133010216,1015,VALIDATED,"59858,8078125",59863,NOR,0.161 (GX 339-4)
GX_339-4,"255,7056","-48,7897","59850,0613773148",5133010217,564,VALIDATED,"59859,8908680556",59864,NOR,0.008 (GX 339-4)
GX_339-4,"255,7078","-48,78782","59851,9425115741",5133010218,3,VALIDATED,"59861,8688425926",59865,NOR,0.140 (GX 339-4)
GX_339-4,"255,7167","-48,78691","59852,5838541667",5133010219,0,VALIDATED,"59869,6737152778",59866,NOR,0.464 (GX 339-4)
GX_339-4,"255,7015","-48,791","59859,9711458333",5133010220,536,VALIDATED,"59877,6977893518",59873,NOR,0.185 (GX 339-4)
GX_339-4,"255,7072","-48,79111","59860,0354976852",5133010221,383,VALIDATED,"59877,7048958333",59874,NOR,0.099 (GX 339-4)
GX_339-4,"255,7062","-48,78956","59866,0434837963",5133010222,3408,VALIDATED,"59876,7624074074",59880,NOR,0.020 (GX 339-4)
GX_339-4,"255,7059","-48,7898","59966,7712615741",5133010223,1099,VALIDATED,"59975,6500462963",59980,NOR,0.006 (GX 339-4)
GX_339-4,"255,7061","-48,79008","59967,0748148148",5133010224,2878,VALIDATED,"59975,699537037",59981,NOR,0.024 (GX 339-4)
GX_339-4,"255,7054","-48,78923","59977,2815625",5133010225,6855,VALIDATED,"59990,7256365741",59991,NOR,0.034 (GX 339-4)
GX_339-4,"255,7051","-48,78954","59984,6868055556",5133010226,240,VALIDATED,"59994,7761574074",59998,NOR,0.030 (GX 339-4)
GX_339-4,"255,7047","-48,7897","59987,4016203704",5133010227,8982,VALIDATED,"59998,9552083333",60001,NOR,0.043 (GX 339-4)
GX_339-4,"255,7052","-48,78959","59992,1685185185",5133010228,8134,VALIDATED,"60002,8003240741",60006,NOR,0.025 (GX 339-4)
GX_339-4,"255,7055","-48,78972","59996,5587615741",5133010229,2151,VALIDATED,"60010,1500810185",60010,NOR,0.011 (GX 339-4)
GX_339-4,"255,7059","-48,78826","59997,0770833333",5133010230,1836,VALIDATED,"60010,248912037",60011,NOR,0.089 (GX 339-4)
GX_339-4,"255,7068","-48,78956","60014,2654050926",5605030201,"1070,77583",VALIDATED,"60024,1577430556",60028,NOR,0.042 (GX 339-4)
GX_339-4,"255,705","-48,7897","60063,2371990741",6511030101,1679,VALIDATED,"60072,9684722222",60077,NOR,0.031 (GX 339-4)
GX_339-4,"255,7054","-48,78992","60178,8210763889",6133010201,358,VALIDATED,"60190,0196412037",60192,NOR,0.018 (GX 339-4)
GX_339-4,"255,7055","-48,79368","60179,0913425926",6133010202,2424,VALIDATED,"60190,0948611111",60193,NOR,0.236 (GX 339-4)
GX_339-4,"255,7059","-48,79341","60179,9945717593",6133010203,796,VALIDATED,"60192,7734837963",60194,NOR,0.220 (GX 339-4)
GX_339-4,"255,7057","-48,78981","60181,0346412037",6133010204,360,VALIDATED,"60192,9281018519",60195,NOR,0.005 (GX 339-4)
GX_339-4,"255,7056","-48,78992","60182,1868518519",6133010205,2260,VALIDATED,"60198,777662037",60196,NOR,0.013 (GX 339-4)
GX_339-4,"255,7057","-48,78998","60183,0272453704",6133010206,166,VALIDATED,"60198,9665972222",60197,NOR,0.014 (GX 339-4)
GX_339-4,"255,7055","-48,78958","60196,0433912037",6511030102,0,VALIDATED,"60208,6632638889",60210,NOR,0.015 (GX 339-4)
GX_339-4,"255,7057","-48,78969","60214,2900578704",6133010207,652,VALIDATED,"60227,9259143519",60228,NOR,0.005 (GX 339-4)
GX_339-4,"255,7012","-48,7916","60219,5133912037",6133010208,527,VALIDATED,"60230,7423263889",60233,NOR,0.213 (GX 339-4)
GX_339-4,"255,7001","-48,79212","60220,288287037",6133010209,1024,VALIDATED,"60233,1491087963",60234,NOR,0.266 (GX 339-4)
GX_339-4,"255,705","-48,7914","60220,998900463",6133010210,1038,VALIDATED,"60234,6465625",60235,NOR,0.104 (GX 339-4)
GX_339-4,"255,7099","-48,79277","60222,9208564815",6133010211,526,VALIDATED,"60235,0259722222",60236,NOR,0.244 (GX 339-4)
GX_339-4,"255,7072","-48,79173","60223,2440856481",6133010212,1515,VALIDATED,"60235,1117361111",60237,NOR,0.132 (GX 339-4)
GX_339-4,"255,7056","-48,78959","60340,6685532407",7702010101,"761,07446",VALIDATED,"60354,8805439815",60534,NOR,0.012 (GX 339-4)
GX_339-4,"255,7042","-48,78891","60341,3146990741",7702010102,"1448,61696",VALIDATED,"60354,9854513889",60535,NOR,0.080 (GX 339-4)
GX_339-4,"255,7042","-48,78872","60346,9902430556",7702010103,0,VALIDATED,"60357,3847800926",60540,NOR,0.088 (GX 339-4)
GX_339-4,"255,7017","-48,78861","60347,5715046296",7702010104,494,VALIDATED,"60359,0409606481",60541,NOR,0.175 (GX 339-4)
GX_339-4,"255,7049","-48,78886","60347,9",6133010213,"697,2388",VALIDATED,"60359,0647453704",60361,NOR,0.064 (GX 339-4)
GX_339-4,"255,7055","-48,78947","60348,0235763889",7702010105,"3920,69843",VALIDATED,"60359,1059837963",60542,NOR,0.020 (GX 339-4)
GX_339-4,"255,7056","-48,78943","60348,1539351852",6133010214,"1305,2384",VALIDATED,"60359,1964814815",60362,NOR,0.020 (GX 339-4)
GX_339-4,"255,705","-48,78953","60348,9942708333",7702010106,"1772,71397",VALIDATED,"60360,8786921296",60543,NOR,0.034 (GX 339-4)
GX_339-4,"255,705","-48,78938","60349,1236111111",6133010215,"2328,71548",VALIDATED,"60360,9340740741",60363,NOR,0.038 (GX 339-4)
GX_339-4,"255,7056","-48,78693","60350,162037037",7702010107,658,VALIDATED,"60362,7100347222",60544,NOR,0.169 (GX 339-4)
GX_339-4,"255,7055","-48,78725","60350,3543981481",6133010216,"1112,4763",VALIDATED,"60362,7265046296",60364,NOR,0.150 (GX 339-4)
GX_339-4,"255,7048","-48,78967","60351,0685185185",7702010108,"997,47709",VALIDATED,"60362,7888310185",60545,NOR,0.039 (GX 339-4)
GX_339-4,"255,7046","-48,78967","60351,3273148148",6133010217,597,VALIDATED,"60362,7982175926",60365,NOR,0.047 (GX 339-4)
GX_339-4,"255,7048","-48,78986","60352,1633796296",7702010109,207,VALIDATED,"60362,8971759259",60546,NOR,0.039 (GX 339-4)
GX_339-4,"255,7048","-48,78987","60353,005787037",6133010218,1095,VALIDATED,"60370,0924189815",60367,NOR,0.040 (GX 339-4)
GX_339-4,"255,7049","-48,78988","60353,3271759259",7702010110,987,VALIDATED,"60370,1499768519",60547,NOR,0.036 (GX 339-4)
GX_339-4,"255,705","-48,78967","60354,0388888889",6133010219,"1261,23306",VALIDATED,"60374,923275463",60368,NOR,0.031 (GX 339-4)
GX_339-4,"255,7052","-48,78974","60354,1034722222",7702010111,"3507,47631",VALIDATED,"60374,9286689815",60548,NOR,0.023 (GX 339-4)
GX_339-4,"255,6989","-48,78728","60354,9955439815",7702010112,3778,VALIDATED,"60376,8797800926",60549,NOR,0.310 (GX 339-4)
GX_339-4,"255,6997","-48,78733","60356,0921296296",7702010113,4792,VALIDATED,"60377,1213310185",60550,NOR,0.281 (GX 339-4)
GX_339-4,"255,7018","-48,78523","60357,510150463",7702010114,593,VALIDATED,"60379,1137847222",60551,NOR,0.313 (GX 339-4)
GX_339-4,"255,702","-48,78561","60357,8971990741",6133010220,690,VALIDATED,"60379,1206018518",60371,NOR,0.290 (GX 339-4)
GX_339-4,"255,7019","-48,78571","60358,5421296296",7702010115,535,VALIDATED,"60379,2521064815",60552,NOR,0.287 (GX 339-4)
GX_339-4,"255,7016","-48,78545","60358,6067013889",6133010221,529,VALIDATED,"60379,2568518519",60372,NOR,0.306 (GX 339-4)
GX_339-4,"255,7055","-48,78997","60359,0586805556",7702010116,636,VALIDATED,"60379,4054513889",60553,NOR,0.017 (GX 339-4)
GX_339-4,"255,7056","-48,78972","60360,6126967593",7702010117,660,VALIDATED,"60379,6441898148",60554,NOR,0.007 (GX 339-4)
GX_339-4,"255,7041","-48,78866","60360,99875",7702010118,261,VALIDATED,"60379,684849537",60555,NOR,0.093 (GX 339-4)
GX_339-4,"255,7096","-48,79071","60377,5435763889",7702010119,0,VALIDATED,"60389,4263194444",60571,NOR,0.162 (GX 339-4)
GX_339-4,"255,7098","-48,79057","60377,9963657407",7702010120,0,VALIDATED,"60391,1378472222",60572,NOR,0.166 (GX 339-4)
GX_339-4,"255,7104","-48,78971","60379,0283796296",7702010121,0,VALIDATED,"60391,3415393519",60573,NOR,0.183 (GX 339-4)
GX_339-4,"255,706","-48,78938","60379,4159722222",7133010201,0,VALIDATED,"60391,3963078704",60393,NOR,0.024 (GX 339-4)
GX_339-4,"255,7105","-48,7985","60381,6141435185",7133010202,0,VALIDATED,"60393,6115856481",60395,NOR,0.557 (GX 339-4)
GX_339-4,"255,7094","-48,80241","60382,0016203704",7133010203,0,VALIDATED,"60393,6302546296",60396,NOR,0.773 (GX 339-4)
GX_339-4,"255,7088","-48,79019","60445,8694444444",7133010204,1410,VALIDATED,"60457,2406365741",60459,NOR,0.122 (GX 339-4)
GX_339-4,"255,7064","-48,78978","60445,9997685185",7133010205,5525,VALIDATED,"60457,2461111111",60460,NOR,0.025 (GX 339-4)
GX_339-4,"255,7064","-48,78966","60448,0041666667",7133010206,4400,VALIDATED,"60461,584375",60462,NOR,0.025 (GX 339-4)
GX_339-4,"255,7074","-48,78925","60450,4494212963",7133010207,4757,VALIDATED,"60466,9326388889",60464,NOR,0.071 (GX 339-4)
GX_339-4,"255,7068","-48,78918","60452,0607060185",7133010208,3466,VALIDATED,"60467,5665972222",60466,NOR,0.053 (GX 339-4)
GX_339-4,"255,7062","-48,78924","60456,3856481481",7133010209,"3665,06366",VALIDATED,"60473,2909837963",60470,NOR,0.035 (GX 339-4)
GX_339-4,"255,7057","-48,78958","60462,1788310185",7133010210,2212,VALIDATED,"60475,4275810185",60476,NOR,0.011 (GX 339-4)
GX_339-4,"255,7059","-48,78971","60536,7136574074",7133010211,406,VALIDATED,"60549,2216898148",60550,NOR,0.005 (GX 339-4)
GX_339-4,"255,7062","-48,7897","60537,0363773148",7133010212,1219,VALIDATED,"60549,2871643519",60551,NOR,0.017 (GX 339-4)
GX_339-4,"255,7054","-48,78976","60538,262962963",7133010213,2102,VALIDATED,"60549,4767592593",60552,NOR,0.015 (GX 339-4)
GX_339-4,"255,7063","-48,78984","60539,5519560185",7133010214,477,VALIDATED,"60549,6131134259",60553,NOR,0.021 (GX 339-4)
GX_339-4,"255,7053","-48,78978","60540,3260416667",7133010215,500,VALIDATED,"60551,9639236111",60554,NOR,0.019 (GX 339-4)
GX_339-4,"255,7058","-48,79003","60541,5515393519",7133010216,521,VALIDATED,"60552,1308101852",60555,NOR,0.017 (GX 339-4)
GX_339-4,"255,7046","-48,79131","60542,3868055556",7133010217,415,VALIDATED,"60554,8422800926",60556,NOR,0.105 (GX 339-4)
GX_339-4,"255,7052","-48,79062","60543,293275463",7133010218,876,VALIDATED,"60555,0352199074",60557,NOR,0.057 (GX 339-4)
GX_339-4,"255,7058","-48,79007","60544,0043865741",7133010219,456,VALIDATED,"60555,0787962963",60558,NOR,0.019 (GX 339-4)
GX_339-4,"255,7063","-48,79082","60545,0347222222",7133010220,326,VALIDATED,"60559,0868055556",60559,NOR,0.068 (GX 339-4)
GX_339-4,"255,7058","-48,79011","60546,0782523148",7133010221,316,VALIDATED,"60559,2573726852",60560,NOR,0.022 (GX 339-4)
GX_339-4,"255,7057","-48,78994","60548,2087962963",7133010222,972,VALIDATED,"60559,56125",60562,NOR,0.012 (GX 339-4)
GX_339-4,"255,7065","-48,79021","60550,0011805556",7133010223,367,VALIDATED,"60561,3352430556",60564,NOR,0.040 (GX 339-4)
GX_339-4,"255,7061","-48,79012","60551,6155092593",7133010224,0,VALIDATED,"60563,2041203704",60565,NOR,0.026 (GX 339-4)
GX_339-4,"255,705","-48,7898","60572,1400462963",7568010101,0,VALIDATED,"60582,6475231481",60766,NOR,0.031 (GX 339-4)
GX_339-4,"255,706","-48,7901","60582,9601851852",7568010102,11,VALIDATED,"60595,1940277778",60776,NOR,0.023 (GX 339-4)
GX_339-4,"255,7051","-48,79062","60583,024849537",7568010103,1647,VALIDATED,"60595,2628240741",60777,NOR,0.059 (GX 339-4)
GX_339-4,"255,7052","-48,78961","60710,9173611111",7568010104,564,VALIDATED,"60725,098587963",60904,NOR,0.024 (GX 339-4)
GX_339-4,"255,7048","-48,78947","60711,0474537037",7568010105,108,VALIDATED,"60725,1446412037",60905,NOR,0.042 (GX 339-4)
